did,pid
ID8241,4912.0
ID8242,4912.0
ID8243,4912.0
ID2057,1002.0
ID2059,1002.0
ID2070,1002.0
ID2071,1002.0
ID2072,1002.0
ID2073,1002.0
ID4657,2607.0
ID4658,2607.0
ID4659,2607.0
ID4660,2607.0
ID4661,2607.0
ID4662,2607.0
ID4663,2607.0
ID8326,4955.0
ID8329,4955.0
ID8330,4955.0
ID8331,4955.0
ID8332,4955.0
ID8333,4955.0
ID9751,5501.0
ID9752,5501.0
ID9753,5501.0
ID9754,5501.0
ID9755,5501.0
ID9756,5501.0
ID9757,5501.0
ID9758,5501.0
ID1968,903.0
ID1967,903.0
ID1969,903.0
ID1970,903.0
ID1971,903.0
ID1972,903.0
ID1973,903.0
ID929,239.0
ID942,239.0
ID944,239.0
ID938,239.0
ID941,239.0
ID6051,3501.0
ID6052,3501.0
ID6053,3501.0
ID6054,3501.0
ID6055,3501.0
ID6058,3501.0
ID6102,3501.0
ID6103,3501.0
ID6119,3501.0
ID6100,3501.0
ID6094,3501.0
ID6095,3501.0
ID11337,5781.0
ID11340,5781.0
ID11342,5781.0
ID11321,5779.0
ID11324,5779.0
ID11325,5779.0
ID11326,5779.0
ID11327,5779.0
ID11328,5779.0
ID8107,4804.0
ID8108,4804.0
ID8109,4804.0
ID8110,4804.0
ID8111,4804.0
ID8112,4804.0
ID8215,4804.0
ID8217,4804.0
ID7507,4268.0
ID7508,4268.0
ID7509,4268.0
ID7510,4268.0
ID7511,4268.0
ID7555,4268.0
ID7557,4268.0
ID7558,4268.0
ID7478,4261.0
ID7479,4261.0
ID7480,4261.0
ID7653,4362.0
ID7655,4362.0
ID7656,4362.0
ID7657,4362.0
ID7658,4362.0
ID7660,4362.0
ID7512,4269.0
ID7513,4269.0
ID7514,4269.0
ID7515,4269.0
ID7516,4269.0
ID7551,4269.0
ID7552,4269.0
ID7553,4269.0
ID7554,4269.0
ID8519,4985.0
ID8520,4985.0
ID8521,4985.0
ID8522,4985.0
ID8523,4985.0
ID8509,4985.0
ID8510,4985.0
ID8511,4985.0
ID8516,4985.0
ID8517,4985.0
ID8518,4985.0
ID2429,1303.0
ID2436,1303.0
ID2404,1303.0
ID2405,1303.0
ID2406,1303.0
ID2407,1303.0
ID2408,1303.0
ID2410,1303.0
ID2411,1303.0
ID2412,1303.0
ID2415,1303.0
ID2416,1303.0
ID2431,1303.0
ID2432,1303.0
ID2433,1303.0
ID2435,1303.0
ID2437,1303.0
ID2438,1303.0
ID2439,1303.0
ID2441,1303.0
ID2442,1303.0
ID2444,1303.0
ID2443,1303.0
ID1951,901.0
ID1952,901.0
ID1954,901.0
ID1955,901.0
ID1956,901.0
ID1957,901.0
ID1958,901.0
ID1803,853.0
ID1804,853.0
ID1806,853.0
ID1807,853.0
ID1808,853.0
ID1805,853.0
ID1986,905.0
ID1987,905.0
ID1988,905.0
ID1983,905.0
ID1982,905.0
ID1984,905.0
ID1820,855.0
ID1822,855.0
ID1823,855.0
ID1825,855.0
ID1826,855.0
ID1827,855.0
ID1821,855.0
ID1824,855.0
ID8228,4908.0
ID8229,4908.0
ID8230,4908.0
ID8231,4908.0
ID8232,4908.0
ID11370,5786.0
ID11396,5786.0
ID11397,5786.0
ID11398,5786.0
ID1828,856.0
ID1829,856.0
ID1830,856.0
ID1831,856.0
ID1832,856.0
ID1833,856.0
ID1834,856.0
ID2259,1251.0
ID2260,1251.0
ID2261,1251.0
ID2263,1251.0
ID2264,1251.0
ID2265,1251.0
ID2266,1251.0
ID2273,1251.0
ID2267,1251.0
ID2268,1251.0
ID2269,1251.0
ID2270,1251.0
ID2271,1251.0
ID2272,1251.0
ID2262,1251.0
ID1655,701.0
ID1656,701.0
ID1658,701.0
ID1660,701.0
ID1659,701.0
ID1027,253.0
ID1028,253.0
ID1029,253.0
ID1030,253.0
ID1031,253.0
ID1032,253.0
ID1033,253.0
ID5255,2951.0
ID5256,2951.0
ID5257,2951.0
ID7620,4353.0
ID7621,4353.0
ID7622,4353.0
ID7623,4353.0
ID7624,4353.0
ID7628,4353.0
ID4985,2853.0
ID4986,2853.0
ID4987,2853.0
ID4989,2853.0
ID4991,2853.0
ID4992,2853.0
ID1752,801.0
ID1753,801.0
ID1801,801.0
ID1809,801.0
ID1864,801.0
ID1865,801.0
ID1867,801.0
ID1868,801.0
ID1869,801.0
ID1866,801.0
ID1901,801.0
ID1902,801.0
ID1903,801.0
ID1904,801.0
ID1905,801.0
ID1906,801.0
ID1907,801.0
ID1908,801.0
ID1914,801.0
ID1915,801.0
ID1916,801.0
ID1917,801.0
ID1918,801.0
ID1919,801.0
ID1601,651.0
ID1602,651.0
ID1603,651.0
ID1604,651.0
ID9251,5351.0
ID9302,5351.0
ID9303,5351.0
ID9304,5351.0
ID9305,5351.0
ID9306,5351.0
ID9308,5351.0
ID9309,5351.0
ID9310,5351.0
ID9307,5351.0
ID11180,5763.0
ID11182,5763.0
ID11183,5763.0
ID11184,5763.0
ID11185,5763.0
ID11188,5763.0
ID11203,5763.0
ID11204,5763.0
ID11205,5763.0
ID11206,5763.0
ID11207,5763.0
ID11208,5763.0
ID11254,5763.0
ID11267,5763.0
ID11268,5763.0
ID11269,5763.0
ID11271,5763.0
ID11257,5763.0
ID11258,5763.0
ID11260,5763.0
ID11261,5763.0
ID11265,5763.0
ID11274,5763.0
ID11279,5763.0
ID11297,5763.0
ID11302,5763.0
ID11163,-1.0
ID11164,-1.0
ID11165,-1.0
ID11166,-1.0
ID11168,-1.0
ID11177,-1.0
ID11178,-1.0
ID11179,-1.0
ID11169,-1.0
ID11170,-1.0
ID11171,-1.0
ID11172,-1.0
ID11174,-1.0
ID11176,-1.0
ID11561,5801.0
ID11562,5801.0
ID11563,5801.0
ID11552,5801.0
ID11553,5801.0
ID11554,5801.0
ID11555,5801.0
ID11556,5801.0
ID11557,5801.0
ID11558,5801.0
ID11559,5801.0
ID12245,5957.0
ID12246,5957.0
ID12247,5957.0
ID12249,5957.0
ID12251,5957.0
ID12252,5957.0
ID12253,5957.0
ID12256,5957.0
ID11962,5880.0
ID11963,5880.0
ID11965,5880.0
ID11966,5880.0
ID11967,5880.0
ID11968,5880.0
ID11969,5880.0
ID11970,5880.0
ID11971,5880.0
ID11973,5880.0
ID11976,5880.0
ID11977,5880.0
ID11978,5880.0
ID11983,5880.0
ID11984,5880.0
ID12045,5880.0
ID12047,5880.0
ID3920,2251.0
ID3921,2251.0
ID3925,2251.0
ID2566,1404.0
ID2567,1404.0
ID2569,1404.0
ID2570,1404.0
ID2572,1404.0
ID2573,1404.0
ID2604,1404.0
ID1003,241.0
ID2002,953.0
ID2006,953.0
ID2007,953.0
ID2008,953.0
ID2010,953.0
ID2011,953.0
ID2013,953.0
ID2014,953.0
ID5966,3403.0
ID5968,3403.0
ID5971,3403.0
ID5967,3403.0
ID5861,3302.0
ID5854,3302.0
ID5855,3302.0
ID5857,3302.0
ID5858,3302.0
ID5859,3302.0
ID3756,2218.0
ID3758,2218.0
ID3364,2004.0
ID3365,2004.0
ID3366,2004.0
ID3367,2005.0
ID3368,2005.0
ID3369,2005.0
ID7664,4364.0
ID7665,4364.0
ID7666,4364.0
ID7667,4364.0
ID7668,4364.0
ID7669,4364.0
ID7670,4364.0
ID7671,4364.0
ID4644,2605.0
ID4646,2605.0
ID4647,2605.0
ID4648,2605.0
ID2622,1456.0
ID2623,1456.0
ID2624,1456.0
ID2625,1456.0
ID2626,1456.0
ID2627,1456.0
ID7609,4352.0
ID7618,4352.0
ID7610,4352.0
ID7611,4352.0
ID7612,4352.0
ID7613,4352.0
ID7614,4352.0
ID7616,4352.0
ID7617,4352.0
ID4003,2261.0
ID4005,2261.0
ID4001,2261.0
ID4002,2261.0
ID3982,2261.0
ID3981,2261.0
ID4101,2261.0
ID4102,2261.0
ID4103,2261.0
ID4104,2261.0
ID5881,3306.0
ID5882,3306.0
ID5883,3306.0
ID5884,3306.0
ID5885,3306.0
ID5886,3306.0
ID5887,3306.0
ID1008,242.0
ID1010,242.0
ID934,242.0
ID1011,242.0
ID1013,242.0
ID4806,2702.0
ID4807,2702.0
ID4808,2702.0
ID4809,2702.0
ID4810,2702.0
ID4812,2702.0
ID9170,5259.0
ID9171,5259.0
ID9172,5259.0
ID9173,5259.0
ID9174,5259.0
ID9387,5259.0
ID9382,5259.0
ID9383,5259.0
ID9384,5259.0
ID9385,5259.0
ID9386,5259.0
ID12476,6003.0
ID12477,6003.0
ID12480,6003.0
ID12481,6003.0
ID12572,6003.0
ID12573,6003.0
ID12575,6003.0
ID12577,6003.0
ID12580,6003.0
ID2417,1304.0
ID2418,1304.0
ID2420,1304.0
ID2421,1304.0
ID2422,1304.0
ID2425,1304.0
ID2424,1304.0
ID2427,1304.0
ID2428,1304.0
ID2430,1304.0
ID2276,1252.0
ID2274,1252.0
ID2275,1252.0
ID2279,1252.0
ID2281,1252.0
ID2283,1252.0
ID2285,1252.0
ID2287,1252.0
ID2299,1252.0
ID2300,1252.0
ID2301,1252.0
ID2302,1252.0
ID2288,1253.0
ID2289,1253.0
ID2290,1253.0
ID2291,1253.0
ID2292,1253.0
ID2295,1253.0
ID2296,1253.0
ID2294,1253.0
ID2297,1253.0
ID2284,1253.0
ID2282,1253.0
ID2286,1253.0
ID2298,1253.0
ID7672,4365.0
ID7673,4365.0
ID7674,4365.0
ID7675,4365.0
ID7676,4365.0
ID7677,4365.0
ID7679,4365.0
ID1152,282.0
ID1147,282.0
ID1148,282.0
ID1149,282.0
ID1150,282.0
ID1151,282.0
ID6524,3567.0
ID6525,3567.0
ID6526,3567.0
ID6528,3567.0
ID6527,3567.0
ID6529,3567.0
ID6530,3567.0
ID6532,3567.0
ID9193,5258.0
ID9194,5258.0
ID9196,5258.0
ID9197,5258.0
ID9199,5258.0
ID9399,5258.0
ID9400,5258.0
ID9401,5258.0
ID2608,1451.0
ID2607,1451.0
ID2606,1451.0
ID8234,4910.0
ID8235,4910.0
ID8236,4910.0
ID2101,1101.0
ID2102,1101.0
ID1974,904.0
ID1975,904.0
ID1976,904.0
ID1978,904.0
ID1979,904.0
ID2077,1005.0
ID2084,1005.0
ID2075,1005.0
ID2078,1005.0
ID2079,1005.0
ID2083,1005.0
ID2085,1005.0
ID2076,1005.0
ID2334,1262.0
ID2335,1262.0
ID2336,1262.0
ID2337,1262.0
ID2338,1262.0
ID2339,1262.0
ID2341,1262.0
ID2343,1262.0
ID2342,1262.0
ID3464,1262.0
ID3465,1262.0
ID3466,1262.0
ID3467,1262.0
ID3468,1262.0
ID3469,1262.0
ID3470,1262.0
ID3473,1262.0
ID3474,1262.0
ID3475,1262.0
ID945,240.0
ID946,240.0
ID947,240.0
ID950,240.0
ID948,240.0
ID949,240.0
ID9101,5263.0
ID9102,5263.0
ID9103,5263.0
ID9104,5263.0
ID9105,5263.0
ID9106,5263.0
ID9107,5263.0
ID9390,5263.0
ID9392,5263.0
ID9393,5263.0
ID9394,5263.0
ID9572,5432.0
ID9573,5432.0
ID9574,5432.0
ID9575,5432.0
ID9576,5432.0
ID9577,5432.0
ID9578,5432.0
ID5482,3110.0
ID5483,3110.0
ID5484,3110.0
ID5485,3110.0
ID5486,3110.0
ID5488,3110.0
ID5489,3110.0
ID5490,3110.0
ID7959,4604.0
ID7960,4604.0
ID7961,4604.0
ID7962,4604.0
ID7963,4604.0
ID7964,4604.0
ID7965,4604.0
ID7966,4604.0
ID7967,4604.0
ID2311,1255.0
ID2312,1255.0
ID2314,1255.0
ID2315,1255.0
ID2316,1255.0
ID2317,1255.0
ID2319,1255.0
ID1268,304.0
ID1264,304.0
ID1265,304.0
ID1266,304.0
ID1267,304.0
ID1260,304.0
ID1261,304.0
ID1263,304.0
ID4351,2451.0
ID4352,2451.0
ID4353,2451.0
ID4354,2451.0
ID4355,2451.0
ID4356,2451.0
ID4358,2451.0
ID2515,1357.0
ID2517,1357.0
ID2518,1357.0
ID2519,1357.0
ID2520,1357.0
ID2523,1357.0
ID2521,1357.0
ID2522,1357.0
ID2524,1357.0
ID2525,1357.0
ID2526,1357.0
ID2527,1357.0
ID2528,1357.0
ID6714,3852.0
ID6715,3852.0
ID6716,3852.0
ID6717,3852.0
ID6718,3852.0
ID6719,3852.0
ID6720,3852.0
ID6721,3852.0
ID8393,4971.0
ID8394,4971.0
ID8395,4971.0
ID8396,4971.0
ID8397,4971.0
ID8398,4971.0
ID8400,4971.0
ID8401,4971.0
ID8402,4971.0
ID8403,4971.0
ID7565,4304.0
ID7566,4304.0
ID7567,4304.0
ID7568,4304.0
ID7569,4304.0
ID7571,4304.0
ID7572,4304.0
ID7573,4304.0
ID5258,2952.0
ID5259,2952.0
ID5260,2952.0
ID5261,2952.0
ID5262,2952.0
ID5263,2952.0
ID5264,2952.0
ID7028,3959.0
ID7029,3959.0
ID7030,3959.0
ID7031,3959.0
ID7032,3959.0
ID7033,3959.0
ID7034,3959.0
ID7035,3959.0
ID7036,3959.0
ID7037,3959.0
ID7038,3959.0
ID1163,284.0
ID1164,284.0
ID1165,284.0
ID1166,284.0
ID1167,284.0
ID1168,284.0
ID5973,3404.0
ID5974,3404.0
ID5975,3404.0
ID5976,3404.0
ID5977,3404.0
ID5979,3404.0
ID5827,3257.0
ID5828,3257.0
ID5829,3257.0
ID5830,3257.0
ID5831,3257.0
ID5832,3257.0
ID5833,3257.0
ID5834,3257.0
ID5812,3253.0
ID5813,3253.0
ID5814,3253.0
ID6939,3909.0
ID6937,3909.0
ID6938,3909.0
ID6940,3909.0
ID6941,3909.0
ID6942,3909.0
ID6943,3909.0
ID6059,3502.0
ID6060,3502.0
ID6061,3502.0
ID6063,3502.0
ID6064,3502.0
ID6084,3502.0
ID6092,3502.0
ID6086,3502.0
ID6087,3502.0
ID6088,3502.0
ID6089,3502.0
ID6090,3502.0
ID6093,3502.0
ID6111,3502.0
ID6113,3502.0
ID6115,3502.0
ID6117,3502.0
ID6163,3502.0
ID6164,3502.0
ID6165,3502.0
ID6166,3502.0
ID6167,3502.0
ID6168,3502.0
ID6097,3502.0
ID6098,3502.0
ID6170,3502.0
ID6171,3502.0
ID6172,3502.0
ID10694,5656.0
ID10695,5656.0
ID10696,5656.0
ID10697,5656.0
ID10698,5656.0
ID10699,5656.0
ID10700,5656.0
ID10701,5656.0
ID10769,5660.0
ID10770,5660.0
ID10772,5660.0
ID10773,5660.0
ID10774,5660.0
ID10775,5660.0
ID10776,5660.0
ID10777,5660.0
ID10778,5660.0
ID10779,5660.0
ID9699,5458.0
ID9700,5458.0
ID9760,5458.0
ID9761,5458.0
ID9762,5458.0
ID9763,5458.0
ID9832,5458.0
ID9833,5458.0
ID9834,5458.0
ID9764,5459.0
ID9703,5459.0
ID9704,5459.0
ID9705,5459.0
ID9706,5459.0
ID9707,5459.0
ID9708,5459.0
ID9709,5459.0
ID11330,5780.0
ID11334,5780.0
ID11336,5780.0
ID11353,5780.0
ID11354,5780.0
ID11355,5780.0
ID11356,5780.0
ID11357,5780.0
ID11358,5780.0
ID11492,5792.0
ID11493,5792.0
ID11494,5792.0
ID11495,5792.0
ID11497,5792.0
ID11498,5792.0
ID11499,5792.0
ID11500,5792.0
ID11501,5792.0
ID11502,5793.0
ID11503,5793.0
ID11504,5793.0
ID11505,5793.0
ID11506,5793.0
ID11507,5793.0
ID11508,5793.0
ID11509,5793.0
ID11510,5793.0
ID9956,5568.0
ID9957,5568.0
ID9959,5568.0
ID9590,5434.0
ID9591,5434.0
ID9592,5434.0
ID9593,5434.0
ID9594,5434.0
ID12169,5904.0
ID12172,5904.0
ID12173,5904.0
ID12174,5904.0
ID12235,5904.0
ID12236,5904.0
ID12237,5904.0
ID12166,5953.0
ID12167,5953.0
ID12168,5953.0
ID12229,5953.0
ID12230,5953.0
ID12231,5953.0
ID12232,5953.0
ID12233,5953.0
ID12234,5953.0
ID12451,5953.0
ID12452,5953.0
ID12453,5953.0
ID12455,5953.0
ID12243,5956.0
ID12282,5956.0
ID12285,5956.0
ID12286,5956.0
ID12546,6006.0
ID12547,6006.0
ID12548,6006.0
ID12551,6006.0
ID12552,6006.0
ID12626,6006.0
ID12628,6006.0
ID12630,6006.0
ID12633,6006.0
ID12634,6006.0
ID12637,6006.0
ID12063,5885.0
ID12074,5885.0
ID12075,5885.0
ID12076,5885.0
ID12077,5885.0
ID12103,5885.0
ID12104,5885.0
ID12105,5885.0
ID12106,5885.0
ID12107,5885.0
ID4649,2606.0
ID4650,2606.0
ID4651,2606.0
ID4653,2606.0
ID4654,2606.0
ID4655,2606.0
ID4656,2606.0
ID6923,3907.0
ID6924,3907.0
ID6926,3907.0
ID6928,3907.0
ID6930,3907.0
ID6931,3907.0
ID6932,3907.0
ID6933,3907.0
ID6935,3907.0
ID6922,3907.0
ID7009,3953.0
ID7010,3953.0
ID7011,3953.0
ID7012,3953.0
ID7013,3953.0
ID7014,3953.0
ID7015,3953.0
ID7016,3953.0
ID7017,3953.0
ID7018,3953.0
ID7019,3953.0
ID5816,3254.0
ID5817,3254.0
ID5815,3254.0
ID5818,3254.0
ID5819,3254.0
ID7225,4106.0
ID7226,4106.0
ID7227,4106.0
ID7228,4106.0
ID7229,4106.0
ID7230,4106.0
ID7231,4106.0
ID7232,4106.0
ID7233,4106.0
ID7234,4106.0
ID7251,4106.0
ID7252,4106.0
ID3972,2259.0
ID3973,2259.0
ID3974,2259.0
ID3975,2259.0
ID3976,2259.0
ID3977,2259.0
ID3978,2259.0
ID2468,1351.0
ID2469,1351.0
ID2470,1351.0
ID2461,1351.0
ID2462,1351.0
ID2463,1351.0
ID2465,1351.0
ID2466,1351.0
ID4531,4969.0
ID4532,4969.0
ID4530,2514.0
ID11455,5791.0
ID11456,5791.0
ID11457,5791.0
ID11458,5791.0
ID11459,5791.0
ID11462,5791.0
ID11463,5791.0
ID11485,5791.0
ID11488,5791.0
ID11490,5791.0
ID12301,5960.0
ID12302,5960.0
ID12303,5960.0
ID12304,5960.0
ID12305,5960.0
ID12308,5960.0
ID4006,2301.0
ID4007,2301.0
ID4008,2301.0
ID4009,2301.0
ID4010,2301.0
ID4012,2301.0
ID5366,3053.0
ID5367,3053.0
ID5368,3053.0
ID5370,3053.0
ID5371,3053.0
ID5372,3053.0
ID3355,2003.0
ID3356,2003.0
ID3357,2003.0
ID3358,2003.0
ID3359,2003.0
ID3360,2003.0
ID3361,2003.0
ID3362,2003.0
ID3363,2003.0
ID12347,5962.0
ID12349,5962.0
ID12363,5962.0
ID12350,5962.0
ID12351,5962.0
ID12352,5962.0
ID6414,3702.0
ID6416,3702.0
ID6417,3702.0
ID6418,3702.0
ID8416,4974.0
ID8417,4974.0
ID8418,4974.0
ID8419,4974.0
ID8420,4974.0
ID8421,4974.0
ID8422,4974.0
ID8423,4974.0
ID8424,4974.0
ID8619,5054.0
ID8620,5054.0
ID8621,5054.0
ID8623,5054.0
ID8625,5054.0
ID8626,5054.0
ID8627,5054.0
ID8628,5054.0
ID8630,5054.0
ID8485,4983.0
ID8486,4983.0
ID8487,4983.0
ID8488,4983.0
ID8489,4983.0
ID8490,4983.0
ID8491,4983.0
ID8492,4983.0
ID8493,4983.0
ID8494,4983.0
ID8495,4983.0
ID8496,4983.0
ID6722,3853.0
ID6723,3853.0
ID6724,3853.0
ID6725,3853.0
ID6726,3853.0
ID6727,3853.0
ID6729,3853.0
ID6730,3853.0
ID6731,3853.0
ID6302,3601.0
ID6303,3601.0
ID6304,3601.0
ID6305,3601.0
ID6307,3601.0
ID6308,3601.0
ID6309,3601.0
ID6310,3601.0
ID6306,3601.0
ID6197,3560.0
ID6198,3560.0
ID6199,3560.0
ID6200,3560.0
ID6201,3560.0
ID6202,3560.0
ID6203,3560.0
ID8469,4981.0
ID8470,4981.0
ID8471,4981.0
ID8472,4981.0
ID8473,4981.0
ID8474,4981.0
ID8476,4981.0
ID8477,4981.0
ID8478,4981.0
ID8479,4981.0
ID8480,4981.0
ID8405,4972.0
ID8406,4972.0
ID8408,4972.0
ID8409,4972.0
ID8411,4972.0
ID8410,4972.0
ID8412,4972.0
ID8414,4972.0
ID8413,4972.0
ID8601,5051.0
ID8602,5051.0
ID8604,5051.0
ID8605,5051.0
ID8606,5051.0
ID8607,5051.0
ID8608,5051.0
ID8609,5051.0
ID8610,5051.0
ID8611,5051.0
ID4043,2256.0
ID4037,2256.0
ID4036,2256.0
ID4034,2256.0
ID1813,854.0
ID1814,854.0
ID1815,854.0
ID1816,854.0
ID1817,854.0
ID1818,854.0
ID6701,3851.0
ID6703,3851.0
ID6704,3851.0
ID6707,3851.0
ID6708,3851.0
ID6709,3851.0
ID6710,3851.0
ID6711,3851.0
ID3788,2227.0
ID3789,2227.0
ID3790,2227.0
ID3791,2227.0
ID3792,2227.0
ID3916,2227.0
ID3917,2227.0
ID3918,2227.0
ID2612,1454.0
ID2613,1454.0
ID2614,1454.0
ID2616,1454.0
ID2617,1454.0
ID2618,1454.0
ID2619,1454.0
ID2615,1454.0
ID2620,1454.0
ID6001,3451.0
ID6002,3451.0
ID6003,3451.0
ID6004,3451.0
ID6006,3451.0
ID6007,3451.0
ID6008,3451.0
ID6009,3451.0
ID2051,1001.0
ID2087,1001.0
ID2088,1001.0
ID2090,1001.0
ID2091,1001.0
ID2092,1001.0
ID2089,1001.0
ID9892,5561.0
ID9893,5561.0
ID9894,5561.0
ID9895,5561.0
ID9896,5561.0
ID9897,5561.0
ID9898,5561.0
ID9899,5561.0
ID9900,5561.0
ID3352,2002.0
ID3354,2002.0
ID3415,2002.0
ID3416,2002.0
ID3417,2002.0
ID3418,2002.0
ID3178,1908.0
ID3179,1908.0
ID3180,1908.0
ID3181,1908.0
ID3182,1908.0
ID3183,1908.0
ID3184,1908.0
ID1021,252.0
ID1022,252.0
ID1025,252.0
ID9989,5571.0
ID9991,5571.0
ID9992,5571.0
ID9993,5571.0
ID9994,5571.0
ID10010,5571.0
ID10011,5571.0
ID10012,5571.0
ID10013,5571.0
ID10014,5571.0
ID10015,5571.0
ID5351,3051.0
ID5352,3051.0
ID5354,3051.0
ID5355,3051.0
ID5356,3051.0
ID5357,3051.0
ID3002,1801.0
ID3003,1801.0
ID3004,1801.0
ID3005,1801.0
ID3006,1801.0
ID3008,1801.0
ID3016,1801.0
ID3185,1801.0
ID3186,1801.0
ID3187,1801.0
ID3188,1801.0
ID3191,1801.0
ID3190,1801.0
ID3192,1801.0
ID3193,1801.0
ID3194,1801.0
ID3195,1801.0
ID3201,1801.0
ID3202,1801.0
ID3203,1801.0
ID3204,1801.0
ID3205,1801.0
ID2611,1453.0
ID3009,1453.0
ID3010,1453.0
ID3011,1453.0
ID3012,1453.0
ID3013,1453.0
ID3015,1453.0
ID3168,1453.0
ID3169,1453.0
ID3170,1453.0
ID3171,1453.0
ID3172,1453.0
ID3173,1453.0
ID3174,1453.0
ID3175,1453.0
ID3176,1453.0
ID3177,1453.0
ID3197,1453.0
ID3198,1453.0
ID3199,1453.0
ID3200,1453.0
ID1959,902.0
ID1960,902.0
ID1961,902.0
ID1962,902.0
ID1963,902.0
ID1964,902.0
ID1966,902.0
ID1965,902.0
ID4272,2408.0
ID4273,2408.0
ID4274,2408.0
ID4269,4855.0
ID4270,4855.0
ID4276,4855.0
ID4277,4855.0
ID11429,5790.0
ID11430,5790.0
ID11431,5790.0
ID11432,5790.0
ID11433,5790.0
ID11434,5790.0
ID11435,5790.0
ID11436,5790.0
ID11437,5790.0
ID11438,5790.0
ID11439,5790.0
ID11440,5790.0
ID6788,3864.0
ID6789,3864.0
ID6791,3864.0
ID6792,3864.0
ID6793,3864.0
ID6796,3864.0
ID6797,3864.0
ID2471,1352.0
ID2472,1352.0
ID2474,1352.0
ID2475,1352.0
ID2476,1352.0
ID2477,1352.0
ID2478,1352.0
ID2479,1352.0
ID2480,1352.0
ID2481,1352.0
ID2482,1352.0
ID7110,4003.0
ID7111,4003.0
ID7112,4003.0
ID7113,4003.0
ID7114,4003.0
ID7115,4003.0
ID7116,4003.0
ID7117,4003.0
ID7118,4003.0
ID7079,3975.0
ID7080,3975.0
ID7081,3975.0
ID7082,3975.0
ID7083,3975.0
ID7084,3975.0
ID7085,3975.0
ID7086,3975.0
ID7087,3975.0
ID7088,4161.0
ID7089,4161.0
ID7277,4162.0
ID7278,4162.0
ID7279,4162.0
ID7280,4162.0
ID7281,4162.0
ID7282,4162.0
ID7283,4162.0
ID7284,4162.0
ID7285,4162.0
ID7276,4162.0
ID8101,4801.0
ID8102,4801.0
ID8103,4801.0
ID8104,4801.0
ID8105,4801.0
ID8106,4801.0
ID2558,1403.0
ID2559,1403.0
ID2560,1403.0
ID2561,1403.0
ID2562,1403.0
ID2563,1403.0
ID2564,1403.0
ID2565,1403.0
ID12464,6002.0
ID12466,6002.0
ID12467,6002.0
ID12468,6002.0
ID12469,6002.0
ID12470,6002.0
ID12471,6002.0
ID12482,6002.0
ID12483,6002.0
ID12484,6002.0
ID12485,6002.0
ID12487,6002.0
ID12488,6002.0
ID12490,6002.0
ID12491,6002.0
ID12080,5886.0
ID12084,5886.0
ID12085,5886.0
ID12110,5886.0
ID12112,5886.0
ID12113,5886.0
ID12114,5886.0
ID4115,2353.0
ID4116,2353.0
ID4117,2353.0
ID4118,2353.0
ID4119,2353.0
ID4120,2353.0
ID4121,2353.0
ID3401,2052.0
ID3402,2052.0
ID3403,2052.0
ID3404,2052.0
ID3406,2052.0
ID3407,2052.0
ID3408,2052.0
ID3409,2052.0
ID3410,2052.0
ID3411,2052.0
ID3412,2052.0
ID3413,2052.0
ID1845,859.0
ID1846,859.0
ID1847,859.0
ID1848,859.0
ID1850,859.0
ID1851,859.0
ID1558,602.0
ID1559,602.0
ID1560,602.0
ID1557,602.0
ID3760,2219.0
ID3761,2219.0
ID3762,2219.0
ID3763,2219.0
ID3764,2219.0
ID3765,2219.0
ID4122,2354.0
ID4123,2354.0
ID4124,2354.0
ID4125,2354.0
ID4126,2354.0
ID4127,2354.0
ID4128,2354.0
ID4129,2354.0
ID4169,2354.0
ID4170,2354.0
ID1835,857.0
ID1836,857.0
ID1837,857.0
ID1838,857.0
ID1839,857.0
ID1840,857.0
ID1841,857.0
ID1842,857.0
ID1269,305.0
ID1270,305.0
ID1271,305.0
ID1275,305.0
ID1278,305.0
ID8315,4954.0
ID8316,4954.0
ID8317,4954.0
ID8318,4954.0
ID8321,4954.0
ID8324,4954.0
ID8347,4959.0
ID8348,4959.0
ID8349,4959.0
ID8350,4959.0
ID8351,4959.0
ID2024,955.0
ID2025,955.0
ID2026,955.0
ID2028,955.0
ID2029,955.0
ID2030,955.0
ID2031,955.0
ID2032,955.0
ID2033,955.0
ID2034,955.0
ID2035,955.0
ID2036,955.0
ID2027,955.0
ID1843,858.0
ID1844,858.0
ID1357,401.0
ID1351,401.0
ID1352,401.0
ID1353,401.0
ID1355,401.0
ID1356,401.0
ID1014,243.0
ID1015,243.0
ID936,243.0
ID1016,243.0
ID1017,243.0
ID1018,243.0
ID3420,2053.0
ID3422,2053.0
ID3426,2053.0
ID2553,1402.0
ID2554,1402.0
ID2555,1402.0
ID2556,1402.0
ID2557,1402.0
ID7055,3969.0
ID7056,3969.0
ID7057,3969.0
ID7058,3969.0
ID7059,3969.0
ID7060,3969.0
ID7061,3969.0
ID7062,3969.0
ID7063,3969.0
ID7001,3952.0
ID7002,3952.0
ID7003,3952.0
ID7004,3952.0
ID7005,3952.0
ID7006,3952.0
ID7007,3952.0
ID7008,3952.0
ID7311,4170.0
ID7313,4170.0
ID7314,4170.0
ID7315,4170.0
ID7316,4170.0
ID7317,4170.0
ID7319,4170.0
ID7601,4351.0
ID7602,4351.0
ID7603,4351.0
ID7604,4351.0
ID7605,4351.0
ID7606,4351.0
ID7607,4351.0
ID7608,4351.0
ID7296,4167.0
ID7297,4167.0
ID7298,4167.0
ID7299,4167.0
ID7300,4167.0
ID7301,4167.0
ID7302,4167.0
ID7303,4167.0
ID6782,3863.0
ID6783,3863.0
ID6784,3863.0
ID6785,3863.0
ID6786,3863.0
ID6419,3703.0
ID6420,3703.0
ID6421,3703.0
ID6422,3703.0
ID6423,3703.0
ID6424,3703.0
ID6425,3703.0
ID6426,3703.0
ID2170,1155.0
ID2203,1155.0
ID2205,1155.0
ID2206,1155.0
ID2207,1155.0
ID2209,1155.0
ID2210,1155.0
ID2212,1155.0
ID2213,1155.0
ID2251,1155.0
ID2255,1155.0
ID2252,1155.0
ID2256,1155.0
ID2257,1155.0
ID2258,1155.0
ID2202,1155.0
ID4204,2401.0
ID4205,2401.0
ID4206,2401.0
ID4207,2401.0
ID4209,2401.0
ID4210,2401.0
ID4212,2401.0
ID8968,5213.0
ID8969,5213.0
ID8970,5213.0
ID8971,5213.0
ID8992,5213.0
ID8973,5213.0
ID8974,5213.0
ID8975,5213.0
ID9490,5422.0
ID9491,5422.0
ID9492,5422.0
ID9493,5422.0
ID9495,5422.0
ID9496,5422.0
ID9497,5422.0
ID9498,5422.0
ID8901,5201.0
ID8902,5201.0
ID8903,5201.0
ID8904,5201.0
ID8905,5201.0
ID8906,5201.0
ID8907,5201.0
ID8908,5201.0
ID10651,5651.0
ID10653,5651.0
ID10654,5651.0
ID10657,5651.0
ID10659,5651.0
ID10660,5651.0
ID10612,5621.0
ID10613,5621.0
ID10614,5621.0
ID10615,5621.0
ID10616,5621.0
ID10617,5621.0
ID10618,5621.0
ID10619,5621.0
ID10620,5621.0
ID10621,5621.0
ID9924,5563.0
ID9925,5563.0
ID9926,5563.0
ID9927,5563.0
ID9928,5563.0
ID9951,5563.0
ID9953,5563.0
ID9954,5563.0
ID9955,5563.0
ID12179,5905.0
ID12213,5905.0
ID12215,5905.0
ID12216,5905.0
ID12364,5905.0
ID12366,5905.0
ID12367,5905.0
ID12378,5905.0
ID12379,5905.0
ID9802,5552.0
ID9803,5552.0
ID9804,5552.0
ID9805,5552.0
ID9806,5552.0
ID9807,5552.0
ID9808,5552.0
ID9809,5552.0
ID9810,5552.0
ID9811,5552.0
ID12409,5972.0
ID12410,5972.0
ID12411,5972.0
ID12412,5972.0
ID12413,5972.0
ID12532,5972.0
ID12533,5972.0
ID12534,5972.0
ID12537,5972.0
ID12538,5972.0
ID12531,5972.0
ID12523,5972.0
ID12524,5972.0
ID12525,5972.0
ID12526,5972.0
ID12414,5973.0
ID12415,5973.0
ID12416,5973.0
ID12417,5973.0
ID12418,5973.0
ID12419,5973.0
ID12392,5968.0
ID12393,5968.0
ID12395,5968.0
ID12397,5968.0
ID12398,5968.0
ID12399,5968.0
ID12679,5968.0
ID12680,5968.0
ID12681,5968.0
ID12683,5968.0
ID12684,5968.0
ID12553,6007.0
ID12554,6007.0
ID12555,6007.0
ID12557,6007.0
ID12558,6007.0
ID12561,6007.0
ID12564,6007.0
ID12326,5961.0
ID12327,5961.0
ID12328,5961.0
ID12330,5961.0
ID12332,5961.0
ID12333,5961.0
ID12334,5961.0
ID12335,5961.0
ID12337,5961.0
ID12338,5961.0
ID12339,5961.0
ID12180,5906.0
ID12181,5906.0
ID12182,5906.0
ID12184,5906.0
ID12185,5906.0
ID12186,5906.0
ID12271,5906.0
ID12277,5906.0
ID12513,5906.0
ID12503,5906.0
ID12510,5906.0
ID12512,5906.0
ID12228,5952.0
ID12265,5952.0
ID12267,5952.0
ID12269,5952.0
ID12270,5952.0
ID12385,5967.0
ID12386,5967.0
ID12387,5967.0
ID12388,5967.0
ID12389,5967.0
ID12390,5967.0
ID12663,5967.0
ID12664,5967.0
ID12666,5967.0
ID12667,5967.0
ID12668,5967.0
ID12669,5967.0
ID12670,5967.0
ID12672,5967.0
ID12400,5969.0
ID12401,5969.0
ID12402,5969.0
ID12590,5969.0
ID12591,5969.0
ID12592,5969.0
ID12593,5969.0
ID12596,5969.0
ID12597,5969.0
