did,strain
ID8241,TH27
ID8242,TH27
ID8243,TH27
ID2057,TH27
ID2059,TH27
ID2070,TH27
ID2071,TH27
ID2072,TH27
ID2073,TH27
ID4657,TH27
ID4658,TH27
ID4659,TH27
ID4660,TH27
ID4661,TH27
ID4662,TH27
ID4663,TH27
ID8326,TH27
ID8329,TH27
ID8330,TH27
ID8331,TH27
ID8332,TH27
ID8333,TH27
ID9751,TH27
ID9752,TH27
ID9753,TH27
ID9754,TH27
ID9755,TH27
ID9756,TH27
ID9757,TH27
ID9758,TH27
ID1968,TH27
ID1967,TH27
ID1969,TH27
ID1970,TH27
ID1971,TH27
ID1972,TH27
ID1973,TH27
ID929,TH27
ID942,TH27
ID944,TH27
ID938,TH27
ID941,TH27
ID6051,TH27
ID6052,TH27
ID6053,TH27
ID6054,TH27
ID6055,TH27
ID6058,TH27
ID6102,TH27
ID6103,TH27
ID6119,TH27
ID6100,TH27
ID6094,TH27
ID6095,TH27
ID11337,TH27
ID11340,TH27
ID11342,TH27
ID11321,TH27
ID11324,TH27
ID11325,TH27
ID11326,TH27
ID11327,TH27
ID11328,TH27
ID8107,JEP31
ID8108,JEP31
ID8109,JEP31
ID8110,JEP31
ID8111,JEP31
ID8112,JEP31
ID8215,JEP31
ID8217,JEP31
ID7507,JEP31
ID7508,JEP31
ID7509,JEP31
ID7510,JEP31
ID7511,JEP31
ID7555,JEP31
ID7557,JEP31
ID7558,JEP31
ID7478,JEP31
ID7479,JEP31
ID7480,JEP31
ID7653,JEP29
ID7655,JEP29
ID7656,JEP29
ID7657,JEP29
ID7658,JEP29
ID7660,JEP29
ID7512,JEP29
ID7513,JEP29
ID7514,JEP29
ID7515,JEP29
ID7516,JEP29
ID7551,JEP29
ID7552,JEP29
ID7553,JEP29
ID7554,JEP29
ID8519,JEP31
ID8520,JEP31
ID8521,JEP31
ID8522,JEP31
ID8523,JEP31
ID8509,JEP31
ID8510,JEP31
ID8511,JEP31
ID8516,JEP31
ID8517,JEP31
ID8518,JEP31
ID2429,JEP5
ID2436,JEP5
ID2404,JEP5
ID2405,JEP5
ID2406,JEP5
ID2407,JEP5
ID2408,JEP5
ID2410,JEP5
ID2411,JEP5
ID2412,JEP5
ID2415,JEP5
ID2416,JEP5
ID2431,JEP5
ID2432,JEP5
ID2433,JEP5
ID2435,JEP5
ID2437,JEP5
ID2438,JEP5
ID2439,JEP5
ID2441,JEP5
ID2442,JEP5
ID2444,JEP5
ID2443,JEP5
ID1951,TH27
ID1952,TH27
ID1954,TH27
ID1955,TH27
ID1956,TH27
ID1957,TH27
ID1958,TH27
ID1803,TH27
ID1804,TH27
ID1806,TH27
ID1807,TH27
ID1808,TH27
ID1805,TH27
ID1986,TH27
ID1987,TH27
ID1988,TH27
ID1983,TH27
ID1982,TH27
ID1984,TH27
ID1820,TH27
ID1822,TH27
ID1823,TH27
ID1825,TH27
ID1826,TH27
ID1827,TH27
ID1821,TH27
ID1824,TH27
ID8228,TH27
ID8229,TH27
ID8230,TH27
ID8231,TH27
ID8232,TH27
ID11370,TH27
ID11396,TH27
ID11397,TH27
ID11398,TH27
ID1828,TH27
ID1829,TH27
ID1830,TH27
ID1831,TH27
ID1832,TH27
ID1833,TH27
ID1834,TH27
ID2259,TH27
ID2260,TH27
ID2261,TH27
ID2263,TH27
ID2264,TH27
ID2265,TH27
ID2266,TH27
ID2273,TH27
ID2267,TH27
ID2268,TH27
ID2269,TH27
ID2270,TH27
ID2271,TH27
ID2272,TH27
ID2262,TH27
ID1655,TH27
ID1656,TH27
ID1658,TH27
ID1660,TH27
ID1659,TH27
ID1027,TH27
ID1028,TH27
ID1029,TH27
ID1030,TH27
ID1031,TH27
ID1032,TH27
ID1033,TH27
ID5255,TH27
ID5256,TH27
ID5257,TH27
ID7620,TH27
ID7621,TH27
ID7622,TH27
ID7623,TH27
ID7624,TH27
ID7628,TH27
ID4985,TH27
ID4986,TH27
ID4987,TH27
ID4989,TH27
ID4991,TH27
ID4992,TH27
ID1752,TH27
ID1753,TH27
ID1801,TH27
ID1809,TH27
ID1864,TH27
ID1865,TH27
ID1867,TH27
ID1868,TH27
ID1869,TH27
ID1866,TH27
ID1901,TH27
ID1902,TH27
ID1903,TH27
ID1904,TH27
ID1905,TH27
ID1906,TH27
ID1907,TH27
ID1908,TH27
ID1914,TH27
ID1915,TH27
ID1916,TH27
ID1917,TH27
ID1918,TH27
ID1919,TH27
ID1601,TH27
ID1602,TH27
ID1603,TH27
ID1604,TH27
ID9251,TH27
ID9302,TH27
ID9303,TH27
ID9304,TH27
ID9305,TH27
ID9306,TH27
ID9308,TH27
ID9309,TH27
ID9310,TH27
ID9307,TH27
ID11180,TH27
ID11182,TH27
ID11183,TH27
ID11184,TH27
ID11185,TH27
ID11188,TH27
ID11203,TH27
ID11204,TH27
ID11205,TH27
ID11206,TH27
ID11207,TH27
ID11208,TH27
ID11254,TH27
ID11267,TH27
ID11268,TH27
ID11269,TH27
ID11271,TH27
ID11257,TH27
ID11258,TH27
ID11260,TH27
ID11261,TH27
ID11265,TH27
ID11274,TH27
ID11279,TH27
ID11297,TH27
ID11302,TH27
ID11163,TH27
ID11164,TH27
ID11165,TH27
ID11166,TH27
ID11168,TH27
ID11177,TH27
ID11178,TH27
ID11179,TH27
ID11169,TH27
ID11170,TH27
ID11171,TH27
ID11172,TH27
ID11174,TH27
ID11176,TH27
ID11561,TH27
ID11562,TH27
ID11563,TH27
ID11552,TH27
ID11553,TH27
ID11554,TH27
ID11555,TH27
ID11556,TH27
ID11557,TH27
ID11558,TH27
ID11559,TH27
ID12245,TH27
ID12246,TH27
ID12247,TH27
ID12249,TH27
ID12251,TH27
ID12252,TH27
ID12253,TH27
ID12256,TH27
ID11962,TH27
ID11963,TH27
ID11965,TH27
ID11966,TH27
ID11967,TH27
ID11968,TH27
ID11969,TH27
ID11970,TH27
ID11971,TH27
ID11973,TH27
ID11976,TH27
ID11977,TH27
ID11978,TH27
ID11983,TH27
ID11984,TH27
ID12045,TH27
ID12047,TH27
ID3920,TH27
ID3921,TH27
ID3925,TH27
ID2566,TH27
ID2567,TH27
ID2569,TH27
ID2570,TH27
ID2572,TH27
ID2573,TH27
ID2604,TH27
ID1003,TH27
ID2002,TH27
ID2006,TH27
ID2007,TH27
ID2008,TH27
ID2010,TH27
ID2011,TH27
ID2013,TH27
ID2014,TH27
ID5966,TH27
ID5968,TH27
ID5971,TH27
ID5967,TH27
ID5861,TH27
ID5854,TH27
ID5855,TH27
ID5857,TH27
ID5858,TH27
ID5859,TH27
ID3756,TH27
ID3758,TH27
ID3364,TH27
ID3365,TH27
ID3366,TH27
ID3367,TH27
ID3368,TH27
ID3369,TH27
ID7664,TH27
ID7665,TH27
ID7666,TH27
ID7667,TH27
ID7668,TH27
ID7669,TH27
ID7670,TH27
ID7671,TH27
ID4644,TH27
ID4646,TH27
ID4647,TH27
ID4648,TH27
ID2622,TH27
ID2623,TH27
ID2624,TH27
ID2625,TH27
ID2626,TH27
ID2627,TH27
ID7609,TH27
ID7618,TH27
ID7610,TH27
ID7611,TH27
ID7612,TH27
ID7613,TH27
ID7614,TH27
ID7616,TH27
ID7617,TH27
ID4003,TH27
ID4005,TH27
ID4001,TH27
ID4002,TH27
ID3982,TH27
ID3981,TH27
ID4101,TH27
ID4102,TH27
ID4103,TH27
ID4104,TH27
ID5881,TH27
ID5882,TH27
ID5883,TH27
ID5884,TH27
ID5885,TH27
ID5886,TH27
ID5887,TH27
ID1008,TH27
ID1010,TH27
ID934,TH27
ID1011,TH27
ID1013,TH27
ID4806,JEP6
ID4807,JEP6
ID4808,JEP6
ID4809,JEP6
ID4810,JEP6
ID4812,JEP6
ID9170,TH27
ID9171,TH27
ID9172,TH27
ID9173,TH27
ID9174,TH27
ID9387,TH27
ID9382,TH27
ID9383,TH27
ID9384,TH27
ID9385,TH27
ID9386,TH27
ID12476,TH65
ID12477,TH65
ID12480,TH65
ID12481,TH65
ID12572,TH65
ID12573,TH65
ID12575,TH65
ID12577,TH65
ID12580,TH65
ID2417,TH27
ID2418,TH27
ID2420,TH27
ID2421,TH27
ID2422,TH27
ID2425,TH27
ID2424,TH27
ID2427,TH27
ID2428,TH27
ID2430,TH27
ID2276,TH27
ID2274,TH27
ID2275,TH27
ID2279,TH27
ID2281,TH27
ID2283,TH27
ID2285,TH27
ID2287,TH27
ID2299,TH27
ID2300,TH27
ID2301,TH27
ID2302,TH27
ID2288,TH27
ID2289,TH27
ID2290,TH27
ID2291,TH27
ID2292,TH27
ID2295,TH27
ID2296,TH27
ID2294,TH27
ID2297,TH27
ID2284,TH27
ID2282,TH27
ID2286,TH27
ID2298,TH27
ID7672,TH27
ID7673,TH27
ID7674,TH27
ID7675,TH27
ID7676,TH27
ID7677,TH27
ID7679,TH27
ID1152,TH27
ID1147,TH27
ID1148,TH27
ID1149,TH27
ID1150,TH27
ID1151,TH27
ID6524,TH27
ID6525,TH27
ID6526,TH27
ID6528,TH27
ID6527,TH27
ID6529,TH27
ID6530,TH27
ID6532,TH27
ID9193,TH27
ID9194,TH27
ID9196,TH27
ID9197,TH27
ID9199,TH27
ID9399,TH27
ID9400,TH27
ID9401,TH27
ID2608,TH102
ID2607,TH102
ID2606,TH102
ID8234,TH27
ID8235,TH27
ID8236,TH27
ID2101,TH27
ID2102,TH27
ID1974,TH27
ID1975,TH27
ID1976,TH27
ID1978,TH27
ID1979,TH27
ID2077,TH27
ID2084,TH27
ID2075,TH27
ID2078,TH27
ID2079,TH27
ID2083,TH27
ID2085,TH27
ID2076,TH27
ID2334,JEP1
ID2335,JEP1
ID2336,JEP1
ID2337,JEP1
ID2338,JEP1
ID2339,JEP1
ID2341,JEP1
ID2343,JEP1
ID2342,JEP1
ID3464,JEP1
ID3465,JEP1
ID3466,JEP1
ID3467,JEP1
ID3468,JEP1
ID3469,JEP1
ID3470,JEP1
ID3473,JEP1
ID3474,JEP1
ID3475,JEP1
ID945,TH27
ID946,TH27
ID947,TH27
ID950,TH27
ID948,TH27
ID949,TH27
ID9101,TH27
ID9102,TH27
ID9103,TH27
ID9104,TH27
ID9105,TH27
ID9106,TH27
ID9107,TH27
ID9390,TH27
ID9392,TH27
ID9393,TH27
ID9394,TH27
ID9572,TH27
ID9573,TH27
ID9574,TH27
ID9575,TH27
ID9576,TH27
ID9577,TH27
ID9578,TH27
ID5482,JEP27
ID5483,JEP27
ID5484,JEP27
ID5485,JEP27
ID5486,JEP27
ID5488,JEP27
ID5489,JEP27
ID5490,JEP27
ID7959,JEP31
ID7960,JEP31
ID7961,JEP31
ID7962,JEP31
ID7963,JEP31
ID7964,JEP31
ID7965,JEP31
ID7966,JEP31
ID7967,JEP31
ID2311,ANA019
ID2312,ANA019
ID2314,ANA019
ID2315,ANA019
ID2316,ANA019
ID2317,ANA019
ID2319,ANA019
ID1268,TH27
ID1264,TH27
ID1265,TH27
ID1266,TH27
ID1267,TH27
ID1260,TH27
ID1261,TH27
ID1263,TH27
ID4351,TH27
ID4352,TH27
ID4353,TH27
ID4354,TH27
ID4355,TH27
ID4356,TH27
ID4358,TH27
ID2515,TH27
ID2517,TH27
ID2518,TH27
ID2519,TH27
ID2520,TH27
ID2523,TH27
ID2521,TH27
ID2522,TH27
ID2524,TH27
ID2525,TH27
ID2526,TH27
ID2527,TH27
ID2528,TH27
ID6714,JEP27
ID6715,JEP27
ID6716,JEP27
ID6717,JEP27
ID6718,JEP27
ID6719,JEP27
ID6720,JEP27
ID6721,JEP27
ID8393,JEP27
ID8394,JEP27
ID8395,JEP27
ID8396,JEP27
ID8397,JEP27
ID8398,JEP27
ID8400,JEP27
ID8401,JEP27
ID8402,JEP27
ID8403,JEP27
ID7565,TH27
ID7566,TH27
ID7567,TH27
ID7568,TH27
ID7569,TH27
ID7571,TH27
ID7572,TH27
ID7573,TH27
ID5258,TH27
ID5259,TH27
ID5260,TH27
ID5261,TH27
ID5262,TH27
ID5263,TH27
ID5264,TH27
ID7028,JEP15
ID7029,JEP15
ID7030,JEP15
ID7031,JEP15
ID7032,JEP15
ID7033,JEP15
ID7034,JEP15
ID7035,JEP15
ID7036,JEP15
ID7037,JEP15
ID7038,JEP15
ID1163,TH27
ID1164,TH27
ID1165,TH27
ID1166,TH27
ID1167,TH27
ID1168,TH27
ID5973,TH27
ID5974,TH27
ID5975,TH27
ID5976,TH27
ID5977,TH27
ID5979,TH27
ID5827,TH27
ID5828,TH27
ID5829,TH27
ID5830,TH27
ID5831,TH27
ID5832,TH27
ID5833,TH27
ID5834,TH27
ID5812,TH27
ID5813,TH27
ID5814,TH27
ID6939,JEP15
ID6937,JEP15
ID6938,JEP15
ID6940,JEP15
ID6941,JEP15
ID6942,JEP15
ID6943,JEP15
ID6059,TH27
ID6060,TH27
ID6061,TH27
ID6063,TH27
ID6064,TH27
ID6084,TH27
ID6092,TH27
ID6086,TH27
ID6087,TH27
ID6088,TH27
ID6089,TH27
ID6090,TH27
ID6093,TH27
ID6111,TH27
ID6113,TH27
ID6115,TH27
ID6117,TH27
ID6163,TH27
ID6164,TH27
ID6165,TH27
ID6166,TH27
ID6167,TH27
ID6168,TH27
ID6097,TH27
ID6098,TH27
ID6170,TH27
ID6171,TH27
ID6172,TH27
ID10694,TH27
ID10695,TH27
ID10696,TH27
ID10697,TH27
ID10698,TH27
ID10699,TH27
ID10700,TH27
ID10701,TH27
ID10769,TH27
ID10770,TH27
ID10772,TH27
ID10773,TH27
ID10774,TH27
ID10775,TH27
ID10776,TH27
ID10777,TH27
ID10778,TH27
ID10779,TH27
ID9699,TH27
ID9700,TH27
ID9760,TH27
ID9761,TH27
ID9762,TH27
ID9763,TH27
ID9832,TH27
ID9833,TH27
ID9834,TH27
ID9764,TH27
ID9703,TH27
ID9704,TH27
ID9705,TH27
ID9706,TH27
ID9707,TH27
ID9708,TH27
ID9709,TH27
ID11330,TH27
ID11334,TH27
ID11336,TH27
ID11353,TH27
ID11354,TH27
ID11355,TH27
ID11356,TH27
ID11357,TH27
ID11358,TH27
ID11492,TH27
ID11493,TH27
ID11494,TH27
ID11495,TH27
ID11497,TH27
ID11498,TH27
ID11499,TH27
ID11500,TH27
ID11501,TH27
ID11502,TH27
ID11503,TH27
ID11504,TH27
ID11505,TH27
ID11506,TH27
ID11507,TH27
ID11508,TH27
ID11509,TH27
ID11510,TH27
ID9956,TH27
ID9957,TH27
ID9959,TH27
ID9590,TH27
ID9591,TH27
ID9592,TH27
ID9593,TH27
ID9594,TH27
ID12169,TH27
ID12172,TH27
ID12173,TH27
ID12174,TH27
ID12235,TH27
ID12236,TH27
ID12237,TH27
ID12166,TH27
ID12167,TH27
ID12168,TH27
ID12229,TH27
ID12230,TH27
ID12231,TH27
ID12232,TH27
ID12233,TH27
ID12234,TH27
ID12451,TH27
ID12452,TH27
ID12453,TH27
ID12455,TH27
ID12243,TH27
ID12282,TH27
ID12285,TH27
ID12286,TH27
ID12546,TH27
ID12547,TH27
ID12548,TH27
ID12551,TH27
ID12552,TH27
ID12626,TH27
ID12628,TH27
ID12630,TH27
ID12633,TH27
ID12634,TH27
ID12637,TH27
ID12063,TH65
ID12074,TH65
ID12075,TH65
ID12076,TH65
ID12077,TH65
ID12103,TH65
ID12104,TH65
ID12105,TH65
ID12106,TH65
ID12107,TH65
ID4649,TH27
ID4650,TH27
ID4651,TH27
ID4653,TH27
ID4654,TH27
ID4655,TH27
ID4656,TH27
ID6923,JEP15
ID6924,JEP15
ID6926,JEP15
ID6928,JEP15
ID6930,JEP15
ID6931,JEP15
ID6932,JEP15
ID6933,JEP15
ID6935,JEP15
ID6922,JEP15
ID7009,JEP15
ID7010,JEP15
ID7011,JEP15
ID7012,JEP15
ID7013,JEP15
ID7014,JEP15
ID7015,JEP15
ID7016,JEP15
ID7017,JEP15
ID7018,JEP15
ID7019,JEP15
ID5816,TH27
ID5817,TH27
ID5815,TH27
ID5818,TH27
ID5819,TH27
ID7225,JEP15
ID7226,JEP15
ID7227,JEP15
ID7228,JEP15
ID7229,JEP15
ID7230,JEP15
ID7231,JEP15
ID7232,JEP15
ID7233,JEP15
ID7234,JEP15
ID7251,JEP15
ID7252,JEP15
ID3972,JEP13
ID3973,JEP13
ID3974,JEP13
ID3975,JEP13
ID3976,JEP13
ID3977,JEP13
ID3978,JEP13
ID2468,JEP3
ID2469,JEP3
ID2470,JEP3
ID2461,JEP3
ID2462,JEP3
ID2463,JEP3
ID2465,JEP3
ID2466,JEP3
ID4531,TH27
ID4532,TH27
ID4530,TH27
ID11455,TH27
ID11456,TH27
ID11457,TH27
ID11458,TH27
ID11459,TH27
ID11462,TH27
ID11463,TH27
ID11485,TH27
ID11488,TH27
ID11490,TH27
ID12301,JEP15
ID12302,JEP15
ID12303,JEP15
ID12304,JEP15
ID12305,JEP15
ID12308,JEP15
ID4006,JEP14
ID4007,JEP14
ID4008,JEP14
ID4009,JEP14
ID4010,JEP14
ID4012,JEP14
ID5366,JEP14
ID5367,JEP14
ID5368,JEP14
ID5370,JEP14
ID5371,JEP14
ID5372,JEP14
ID3355,JEP4
ID3356,JEP4
ID3357,JEP4
ID3358,JEP4
ID3359,JEP4
ID3360,JEP4
ID3361,JEP4
ID3362,JEP4
ID3363,JEP4
ID12347,JEP4
ID12349,JEP4
ID12363,JEP4
ID12350,JEP4
ID12351,JEP4
ID12352,JEP4
ID6414,JEP27
ID6416,JEP27
ID6417,JEP27
ID6418,JEP27
ID8416,JEP27
ID8417,JEP27
ID8418,JEP27
ID8419,JEP27
ID8420,JEP27
ID8421,JEP27
ID8422,JEP27
ID8423,JEP27
ID8424,JEP27
ID8619,JEP27
ID8620,JEP27
ID8621,JEP27
ID8623,JEP27
ID8625,JEP27
ID8626,JEP27
ID8627,JEP27
ID8628,JEP27
ID8630,JEP27
ID8485,JEP27
ID8486,JEP27
ID8487,JEP27
ID8488,JEP27
ID8489,JEP27
ID8490,JEP27
ID8491,JEP27
ID8492,JEP27
ID8493,JEP27
ID8494,JEP27
ID8495,JEP27
ID8496,JEP27
ID6722,JEP27
ID6723,JEP27
ID6724,JEP27
ID6725,JEP27
ID6726,JEP27
ID6727,JEP27
ID6729,JEP27
ID6730,JEP27
ID6731,JEP27
ID6302,JEP27
ID6303,JEP27
ID6304,JEP27
ID6305,JEP27
ID6307,JEP27
ID6308,JEP27
ID6309,JEP27
ID6310,JEP27
ID6306,JEP27
ID6197,TH27
ID6198,TH27
ID6199,TH27
ID6200,TH27
ID6201,TH27
ID6202,TH27
ID6203,TH27
ID8469,TH27
ID8470,TH27
ID8471,TH27
ID8472,TH27
ID8473,TH27
ID8474,TH27
ID8476,TH27
ID8477,TH27
ID8478,TH27
ID8479,TH27
ID8480,TH27
ID8405,TH27
ID8406,TH27
ID8408,TH27
ID8409,TH27
ID8411,TH27
ID8410,TH27
ID8412,TH27
ID8414,TH27
ID8413,TH27
ID8601,TH27
ID8602,TH27
ID8604,TH27
ID8605,TH27
ID8606,TH27
ID8607,TH27
ID8608,TH27
ID8609,TH27
ID8610,TH27
ID8611,TH27
ID4043,TH27
ID4037,TH27
ID4036,TH27
ID4034,TH27
ID1813,TH27
ID1814,TH27
ID1815,TH27
ID1816,TH27
ID1817,TH27
ID1818,TH27
ID6701,TH27
ID6703,TH27
ID6704,TH27
ID6707,TH27
ID6708,TH27
ID6709,TH27
ID6710,TH27
ID6711,TH27
ID3788,TH27
ID3789,TH27
ID3790,TH27
ID3791,TH27
ID3792,TH27
ID3916,TH27
ID3917,TH27
ID3918,TH27
ID2612,TH27
ID2613,TH27
ID2614,TH27
ID2616,TH27
ID2617,TH27
ID2618,TH27
ID2619,TH27
ID2615,TH27
ID2620,TH27
ID6001,TH27
ID6002,TH27
ID6003,TH27
ID6004,TH27
ID6006,TH27
ID6007,TH27
ID6008,TH27
ID6009,TH27
ID2051,TH27
ID2087,TH27
ID2088,TH27
ID2090,TH27
ID2091,TH27
ID2092,TH27
ID2089,TH27
ID9892,TH27
ID9893,TH27
ID9894,TH27
ID9895,TH27
ID9896,TH27
ID9897,TH27
ID9898,TH27
ID9899,TH27
ID9900,TH27
ID3352,TH27
ID3354,TH27
ID3415,TH27
ID3416,TH27
ID3417,TH27
ID3418,TH27
ID3178,TH27
ID3179,TH27
ID3180,TH27
ID3181,TH27
ID3182,TH27
ID3183,TH27
ID3184,TH27
ID1021,TH27
ID1022,TH27
ID1025,TH27
ID9989,TH27
ID9991,TH27
ID9992,TH27
ID9993,TH27
ID9994,TH27
ID10010,TH27
ID10011,TH27
ID10012,TH27
ID10013,TH27
ID10014,TH27
ID10015,TH27
ID5351,TH27
ID5352,TH27
ID5354,TH27
ID5355,TH27
ID5356,TH27
ID5357,TH27
ID3002,JEP10
ID3003,JEP10
ID3004,JEP10
ID3005,JEP10
ID3006,JEP10
ID3008,JEP10
ID3016,JEP10
ID3185,JEP10
ID3186,JEP10
ID3187,JEP10
ID3188,JEP10
ID3191,JEP10
ID3190,JEP10
ID3192,JEP10
ID3193,JEP10
ID3194,JEP10
ID3195,JEP10
ID3201,JEP10
ID3202,JEP10
ID3203,JEP10
ID3204,JEP10
ID3205,JEP10
ID2611,TH231
ID3009,TH231
ID3010,TH231
ID3011,TH231
ID3012,TH231
ID3013,TH231
ID3015,TH231
ID3168,TH231
ID3169,TH231
ID3170,TH231
ID3171,TH231
ID3172,TH231
ID3173,TH231
ID3174,TH231
ID3175,TH231
ID3176,TH231
ID3177,TH231
ID3197,TH231
ID3198,TH231
ID3199,TH231
ID3200,TH231
ID1959,TH27
ID1960,TH27
ID1961,TH27
ID1962,TH27
ID1963,TH27
ID1964,TH27
ID1966,TH27
ID1965,TH27
ID4272,TH27
ID4273,TH27
ID4274,TH27
ID4269,TH27
ID4270,TH27
ID4276,TH27
ID4277,TH27
ID11429,TH27
ID11430,TH27
ID11431,TH27
ID11432,TH27
ID11433,TH27
ID11434,TH27
ID11435,TH27
ID11436,TH27
ID11437,TH27
ID11438,TH27
ID11439,TH27
ID11440,TH27
ID6788,TH65
ID6789,TH65
ID6791,TH65
ID6792,TH65
ID6793,TH65
ID6796,TH65
ID6797,TH65
ID2471,TH27
ID2472,TH27
ID2474,TH27
ID2475,TH27
ID2476,TH27
ID2477,TH27
ID2478,TH27
ID2479,TH27
ID2480,TH27
ID2481,TH27
ID2482,TH27
ID7110,JEP32
ID7111,JEP32
ID7112,JEP32
ID7113,JEP32
ID7114,JEP32
ID7115,JEP32
ID7116,JEP32
ID7117,JEP32
ID7118,JEP32
ID7079,JEP16
ID7080,JEP16
ID7081,JEP16
ID7082,JEP16
ID7083,JEP16
ID7084,JEP16
ID7085,JEP16
ID7086,JEP16
ID7087,JEP16
ID7088,JEP16
ID7089,JEP16
ID7277,JEP16
ID7278,JEP16
ID7279,JEP16
ID7280,JEP16
ID7281,JEP16
ID7282,JEP16
ID7283,JEP16
ID7284,JEP16
ID7285,JEP16
ID7276,JEP16
ID8101,JEP31
ID8102,JEP31
ID8103,JEP31
ID8104,JEP31
ID8105,JEP31
ID8106,JEP31
ID2558,TH27
ID2559,TH27
ID2560,TH27
ID2561,TH27
ID2562,TH27
ID2563,TH27
ID2564,TH27
ID2565,TH27
ID12464,TH27
ID12466,TH27
ID12467,TH27
ID12468,TH27
ID12469,TH27
ID12470,TH27
ID12471,TH27
ID12482,TH27
ID12483,TH27
ID12484,TH27
ID12485,TH27
ID12487,TH27
ID12488,TH27
ID12490,TH27
ID12491,TH27
ID12080,TH65
ID12084,TH65
ID12085,TH65
ID12110,TH65
ID12112,TH65
ID12113,TH65
ID12114,TH65
ID4115,TH27
ID4116,TH27
ID4117,TH27
ID4118,TH27
ID4119,TH27
ID4120,TH27
ID4121,TH27
ID3401,TH27
ID3402,TH27
ID3403,TH27
ID3404,TH27
ID3406,TH27
ID3407,TH27
ID3408,TH27
ID3409,TH27
ID3410,TH27
ID3411,TH27
ID3412,TH27
ID3413,TH27
ID1845,TH27
ID1846,TH27
ID1847,TH27
ID1848,TH27
ID1850,TH27
ID1851,TH27
ID1558,TH27
ID1559,TH27
ID1560,TH27
ID1557,TH27
ID3760,TH27
ID3761,TH27
ID3762,TH27
ID3763,TH27
ID3764,TH27
ID3765,TH27
ID4122,TH27
ID4123,TH27
ID4124,TH27
ID4125,TH27
ID4126,TH27
ID4127,TH27
ID4128,TH27
ID4129,TH27
ID4169,TH27
ID4170,TH27
ID1835,TH27
ID1836,TH27
ID1837,TH27
ID1838,TH27
ID1839,TH27
ID1840,TH27
ID1841,TH27
ID1842,TH27
ID1269,TH27
ID1270,TH27
ID1271,TH27
ID1275,TH27
ID1278,TH27
ID8315,TH27
ID8316,TH27
ID8317,TH27
ID8318,TH27
ID8321,TH27
ID8324,TH27
ID8347,TH27
ID8348,TH27
ID8349,TH27
ID8350,TH27
ID8351,TH27
ID2024,TH27
ID2025,TH27
ID2026,TH27
ID2028,TH27
ID2029,TH27
ID2030,TH27
ID2031,TH27
ID2032,TH27
ID2033,TH27
ID2034,TH27
ID2035,TH27
ID2036,TH27
ID2027,TH27
ID1843,TH27
ID1844,TH27
ID1357,TH27
ID1351,TH27
ID1352,TH27
ID1353,TH27
ID1355,TH27
ID1356,TH27
ID1014,TH27
ID1015,TH27
ID936,TH27
ID1016,TH27
ID1017,TH27
ID1018,TH27
ID3420,TH27
ID3422,TH27
ID3426,TH27
ID2553,TH27
ID2554,TH27
ID2555,TH27
ID2556,TH27
ID2557,TH27
ID7055,JEP16
ID7056,JEP16
ID7057,JEP16
ID7058,JEP16
ID7059,JEP16
ID7060,JEP16
ID7061,JEP16
ID7062,JEP16
ID7063,JEP16
ID7001,JEP16
ID7002,JEP16
ID7003,JEP16
ID7004,JEP16
ID7005,JEP16
ID7006,JEP16
ID7007,JEP16
ID7008,JEP16
ID7311,JEP17
ID7313,JEP17
ID7314,JEP17
ID7315,JEP17
ID7316,JEP17
ID7317,JEP17
ID7319,JEP17
ID7601,TH27
ID7602,TH27
ID7603,TH27
ID7604,TH27
ID7605,TH27
ID7606,TH27
ID7607,TH27
ID7608,TH27
ID7296,JEP17
ID7297,JEP17
ID7298,JEP17
ID7299,JEP17
ID7300,JEP17
ID7301,JEP17
ID7302,JEP17
ID7303,JEP17
ID6782,TH27
ID6783,TH27
ID6784,TH27
ID6785,TH27
ID6786,TH27
ID6419,TH27
ID6420,TH27
ID6421,TH27
ID6422,TH27
ID6423,TH27
ID6424,TH27
ID6425,TH27
ID6426,TH27
ID2170,TH27
ID2203,TH27
ID2205,TH27
ID2206,TH27
ID2207,TH27
ID2209,TH27
ID2210,TH27
ID2212,TH27
ID2213,TH27
ID2251,TH27
ID2255,TH27
ID2252,TH27
ID2256,TH27
ID2257,TH27
ID2258,TH27
ID2202,TH27
ID4204,TH27
ID4205,TH27
ID4206,TH27
ID4207,TH27
ID4209,TH27
ID4210,TH27
ID4212,TH27
ID8968,JEP46
ID8969,JEP46
ID8970,JEP46
ID8971,JEP46
ID8992,JEP46
ID8973,JEP46
ID8974,JEP46
ID8975,JEP46
ID9490,JEP27
ID9491,JEP27
ID9492,JEP27
ID9493,JEP27
ID9495,JEP27
ID9496,JEP27
ID9497,JEP27
ID9498,JEP27
ID8901,TH27
ID8902,TH27
ID8903,TH27
ID8904,TH27
ID8905,TH27
ID8906,TH27
ID8907,TH27
ID8908,TH27
ID10651,TH27
ID10653,TH27
ID10654,TH27
ID10657,TH27
ID10659,TH27
ID10660,TH27
ID10612,TH27
ID10613,TH27
ID10614,TH27
ID10615,TH27
ID10616,TH27
ID10617,TH27
ID10618,TH27
ID10619,TH27
ID10620,TH27
ID10621,TH27
ID9924,TH27
ID9925,TH27
ID9926,TH27
ID9927,TH27
ID9928,TH27
ID9951,TH27
ID9953,TH27
ID9954,TH27
ID9955,TH27
ID12179,TH27
ID12213,TH27
ID12215,TH27
ID12216,TH27
ID12364,TH27
ID12366,TH27
ID12367,TH27
ID12378,TH27
ID12379,TH27
ID9802,TH27
ID9803,TH27
ID9804,TH27
ID9805,TH27
ID9806,TH27
ID9807,TH27
ID9808,TH27
ID9809,TH27
ID9810,TH27
ID9811,TH27
ID12409,TH27
ID12410,TH27
ID12411,TH27
ID12412,TH27
ID12413,TH27
ID12532,TH27
ID12533,TH27
ID12534,TH27
ID12537,TH27
ID12538,TH27
ID12531,TH27
ID12523,TH27
ID12524,TH27
ID12525,TH27
ID12526,TH27
ID12414,TH27
ID12415,TH27
ID12416,TH27
ID12417,TH27
ID12418,TH27
ID12419,TH27
ID12392,TH65
ID12393,TH65
ID12395,TH65
ID12397,TH65
ID12398,TH65
ID12399,TH65
ID12679,TH65
ID12680,TH65
ID12681,TH65
ID12683,TH65
ID12684,TH65
ID12553,TH27
ID12554,TH27
ID12555,TH27
ID12557,TH27
ID12558,TH27
ID12561,TH27
ID12564,TH27
ID12326,JEP16
ID12327,JEP16
ID12328,JEP16
ID12330,JEP16
ID12332,JEP16
ID12333,JEP16
ID12334,JEP16
ID12335,JEP16
ID12337,JEP16
ID12338,JEP16
ID12339,JEP16
ID12180,TH27
ID12181,TH27
ID12182,TH27
ID12184,TH27
ID12185,TH27
ID12186,TH27
ID12271,TH27
ID12277,TH27
ID12513,TH27
ID12503,TH27
ID12510,TH27
ID12512,TH27
ID12228,TH27
ID12265,TH27
ID12267,TH27
ID12269,TH27
ID12270,TH27
ID12385,TH65
ID12386,TH65
ID12387,TH65
ID12388,TH65
ID12389,TH65
ID12390,TH65
ID12663,TH65
ID12664,TH65
ID12666,TH65
ID12667,TH65
ID12668,TH65
ID12669,TH65
ID12670,TH65
ID12672,TH65
ID12400,TH65
ID12401,TH65
ID12402,TH65
ID12590,TH65
ID12591,TH65
ID12592,TH65
ID12593,TH65
ID12596,TH65
ID12597,TH65
